{
  "params": {
    "fast_len": 15,
    "slow_len": 20,
    "ma_type": "SMA",
    "slope_len": 7,
    "slope_min": 0.01,
    "trail_percent": 1.0,
    "use_slope": false,
    "use_trail": true
  },
  "metrics": {
    "pnl_avg": 106.70379528145114,
    "win_avg": 0.771124229389032,
    "pf_avg": 8.2760224193005,
    "n_total": 286,
    "per_stock": {
      "TSLA": {
        "pnl_pct": 105.22317553779912,
        "win_rate": 0.8717948717948718,
        "profit_factor": 23.468159309412677,
        "n_trades": 39,
        "best": 0.06671018332757957,
        "worst": -0.010409396695331523
      },
      "NVDA": {
        "pnl_pct": 59.54636402251976,
        "win_rate": 0.7878787878787878,
        "profit_factor": 17.257075827871542,
        "n_trades": 33,
        "best": 0.08069306086584431,
        "worst": -0.008716534296164662
      },
      "AAPL": {
        "pnl_pct": 16.460060568085822,
        "win_rate": 0.6,
        "profit_factor": 3.1808305966728856,
        "n_trades": 35,
        "best": 0.037856815138283796,
        "worst": -0.008857430936437979
      },
      "NFLX": {
        "pnl_pct": 47.10681366600695,
        "win_rate": 0.6666666666666666,
        "profit_factor": 9.284543272885799,
        "n_trades": 36,
        "best": 0.14759477671881718,
        "worst": -0.009908917694120147
      },
      "AMZN": {
        "pnl_pct": 16.269529090994126,
        "win_rate": 0.6666666666666666,
        "profit_factor": 3.7428054848453094,
        "n_trades": 33,
        "best": 0.03257912603558588,
        "worst": -0.011211232304851378
      },
      "PLTR": {
        "pnl_pct": 143.56195087156553,
        "win_rate": 0.775,
        "profit_factor": 18.662564671315792,
        "n_trades": 40,
        "best": 0.07718438222833074,
        "worst": -0.00975954203121799
      },
      "SOFI": {
        "pnl_pct": 288.22885145812114,
        "win_rate": 0.8947368421052632,
        "profit_factor": 75.96383016960081,
        "n_trades": 38,
        "best": 0.1773381842163922,
        "worst": -0.00872123629549097
      },
      "HOOD": {
        "pnl_pct": 177.23361703651656,
        "win_rate": 0.90625,
        "profit_factor": 56.82386250196337,
        "n_trades": 32,
        "best": 0.11343353595330277,
        "worst": -0.01045357282291626
      }
    }
  },
  "score": 13.060616176078419,
  "history_size": 600,
  "target_first_hit": 2
}