{
  "params": {
    "fast_len": 25,
    "slow_len": 150,
    "ma_type": "EMA",
    "slope_len": 3,
    "slope_min": 2.0,
    "trail_percent": 5.0,
    "use_slope": false,
    "use_trail": true
  },
  "metrics": {
    "pnl_avg": 9.844134874237197,
    "win_avg": 0.3612446581196581,
    "pf_avg": 4.194611154464875,
    "n_total": 65,
    "per_stock": {
      "TSLA": {
        "pnl_pct": 22.71049533974221,
        "win_rate": 0.6,
        "profit_factor": 7.47080501441989,
        "n_trades": 5,
        "best": 0.13710330288362144,
        "worst": -0.023215292319988888
      },
      "NVDA": {
        "pnl_pct": 26.73734282694664,
        "win_rate": 0.6,
        "profit_factor": 13.118670730700867,
        "n_trades": 5,
        "best": 0.14882966778944587,
        "worst": -0.01159332421740436
      },
      "AAPL": {
        "pnl_pct": 7.325665686765825,
        "win_rate": 0.3333333333333333,
        "profit_factor": 2.1761881470905364,
        "n_trades": 9,
        "best": 0.09002206358745046,
        "worst": -0.015733015674359342
      },
      "NFLX": {
        "pnl_pct": -1.8307408755937504,
        "win_rate": 0.125,
        "profit_factor": 0.8065653706672181,
        "n_trades": 8,
        "best": 0.06565983737244897,
        "worst": -0.026200742740996645
      },
      "AMZN": {
        "pnl_pct": 24.42344826587137,
        "win_rate": 0.6666666666666666,
        "profit_factor": 14.811715247053423,
        "n_trades": 6,
        "best": 0.17777217038335114,
        "worst": -0.009599584033248378
      },
      "PLTR": {
        "pnl_pct": -2.014958610170936,
        "win_rate": 0.3,
        "profit_factor": 0.8151788833332397,
        "n_trades": 10,
        "best": 0.05618362866701033,
        "worst": -0.04226344398371284
      },
      "SOFI": {
        "pnl_pct": -0.9370363303194296,
        "win_rate": 0.15384615384615385,
        "profit_factor": 1.0183490277845475,
        "n_trades": 13,
        "best": 0.13135349393945145,
        "worst": -0.03390898342129779
      },
      "HOOD": {
        "pnl_pct": 2.338862690655641,
        "win_rate": 0.1111111111111111,
        "profit_factor": 1.269802792423567,
        "n_trades": 9,
        "best": 0.21257127455252606,
        "worst": -0.03970101514587295
      }
    }
  },
  "score": 1.491662928064692,
  "history_size": 500,
  "target_first_hit": null
}