{
  "params": {
    "fast_len": 25,
    "slow_len": 80,
    "ma_type": "SMA",
    "slope_len": 7,
    "slope_min": 0.2,
    "trail_percent": 2.0,
    "use_slope": false,
    "use_trail": true
  },
  "metrics": {
    "pnl_avg": 8.10304130747111,
    "win_avg": 0.43751372419850676,
    "pf_avg": 1.8571193995384347,
    "n_total": 178,
    "per_stock": {
      "TSLA": {
        "pnl_pct": 15.52128280656535,
        "win_rate": 0.4782608695652174,
        "profit_factor": 2.1772955241749585,
        "n_trades": 23,
        "best": 0.07443227177553469,
        "worst": -0.017493739452269785
      },
      "NVDA": {
        "pnl_pct": 9.37858618930214,
        "win_rate": 0.45454545454545453,
        "profit_factor": 1.8297606063147245,
        "n_trades": 22,
        "best": 0.05263383475417635,
        "worst": -0.01889349833672674
      },
      "AAPL": {
        "pnl_pct": 8.900944516189657,
        "win_rate": 0.4090909090909091,
        "profit_factor": 2.0717251624842294,
        "n_trades": 22,
        "best": 0.04134633780789998,
        "worst": -0.01152864534271322
      },
      "NFLX": {
        "pnl_pct": 2.764600357761826,
        "win_rate": 0.4166666666666667,
        "profit_factor": 1.295759816312997,
        "n_trades": 24,
        "best": 0.05037220514805468,
        "worst": -0.011151280571517125
      },
      "AMZN": {
        "pnl_pct": 16.838620073154487,
        "win_rate": 0.5652173913043478,
        "profit_factor": 3.0007139496173596,
        "n_trades": 23,
        "best": 0.055489929517635365,
        "worst": -0.018903185762479013
      },
      "PLTR": {
        "pnl_pct": 9.374779483288776,
        "win_rate": 0.6111111111111112,
        "profit_factor": 2.345559103649745,
        "n_trades": 18,
        "best": 0.03795798384402474,
        "worst": -0.01938261656890912
      },
      "SOFI": {
        "pnl_pct": -3.2161264564688152,
        "win_rate": 0.2608695652173913,
        "profit_factor": 0.8502777353673531,
        "n_trades": 23,
        "best": 0.05170182253724538,
        "worst": -0.021673621766284533
      },
      "HOOD": {
        "pnl_pct": 5.261643489975443,
        "win_rate": 0.30434782608695654,
        "profit_factor": 1.2858632983861096,
        "n_trades": 23,
        "best": 0.1121548711778325,
        "worst": -0.02122313147758835
      }
    }
  },
  "score": 1.0175032299808218,
  "history_size": 500,
  "target_first_hit": null
}