{
  "params": {
    "fast_len": 25,
    "slow_len": 80,
    "ma_type": "EMA",
    "slope_len": 3,
    "slope_min": 0.2,
    "trail_percent": 5.0,
    "use_slope": false,
    "use_trail": true
  },
  "metrics": {
    "pnl_avg": 10.059935635830051,
    "win_avg": 0.38055555555555554,
    "pf_avg": 3.974659604713895,
    "n_total": 60,
    "per_stock": {
      "TSLA": {
        "pnl_pct": 22.480451829602387,
        "win_rate": 0.6,
        "profit_factor": 8.022599566756158,
        "n_trades": 5,
        "best": 0.13806583897758673,
        "worst": -0.022496531388963834
      },
      "NVDA": {
        "pnl_pct": 28.203453901961105,
        "win_rate": 0.6,
        "profit_factor": 14.7765270541109,
        "n_trades": 5,
        "best": 0.15064532882977746,
        "worst": -0.01140336791028874
      },
      "AAPL": {
        "pnl_pct": 6.212522173870161,
        "win_rate": 0.3,
        "profit_factor": 1.8042738870610158,
        "n_trades": 10,
        "best": 0.087684394531052,
        "worst": -0.017773172886545015
      },
      "NFLX": {
        "pnl_pct": -0.10646292832581228,
        "win_rate": 0.16666666666666666,
        "profit_factor": 1.0237586318880536,
        "n_trades": 6,
        "best": 0.06657292096928213,
        "worst": -0.019506336713772936
      },
      "AMZN": {
        "pnl_pct": 20.034827318708558,
        "win_rate": 0.5,
        "profit_factor": 7.1659808039656445,
        "n_trades": 8,
        "best": 0.17635703614172227,
        "worst": -0.010995587782078731
      },
      "PLTR": {
        "pnl_pct": 2.3641536983488143,
        "win_rate": 0.6,
        "profit_factor": 1.5223879756567629,
        "n_trades": 5,
        "best": 0.05618362866701033,
        "worst": -0.038121564777454084
      },
      "SOFI": {
        "pnl_pct": 0.542704176287323,
        "win_rate": 0.16666666666666666,
        "profit_factor": 1.0968248415271113,
        "n_trades": 12,
        "best": 0.13135349393945145,
        "worst": -0.03390898342129779
      },
      "HOOD": {
        "pnl_pct": 0.7478349161878617,
        "win_rate": 0.1111111111111111,
        "profit_factor": 1.1614511308564137,
        "n_trades": 9,
        "best": 0.20918095960705654,
        "worst": -0.042823393866036154
      }
    }
  },
  "score": 2.351632457297286,
  "history_size": 500,
  "target_first_hit": null
}